M,K,V,alpha,beta,gamma
2206,1,7074,0.10000,0.01000,1.00000
