M,K,V,alpha,beta,gamma
5940,1,6079,0.10000,0.01000,1.00000
